site_slug,site_title,category,category_slug,asset_name,asset_slug,kind,width,height,prompt,negative_prompt,notes,output_folder,output_base
pickle_book,Pickle Book Website Graphics,Branding,branding,Primary logo,primary-logo,logo,512,512,"educational brand mark, pickle book website, primary logo, fresh green accent, clean vector shape, friendly design, simple silhouette, logo concept, no text, high quality, best quality","lowres, bad anatomy, bad hands, text, error, missing fingers, extra digit, fewer digits, cropped, worst quality, low quality, blurry, pixelated, watermark, signature, letters, words, UI screenshot, clutter, neon glare, scary expression, gross food texture, photorealistic pickle, inconsistent character, malformed arms, extra limbs, smooth skin, tomato shape, round body, photorealistic scene, complex background, tiny details",Add final logo typography later in a vector editor.,generated/pickle_book/branding,primary-logo
pickle_book,Pickle Book Website Graphics,Branding,branding,Horizontal logo,horizontal-logo,horizontal_logo,768,448,"educational brand mark, pickle book website, horizontal logo, fresh green accent, clean vector shape, friendly design, simple silhouette, logo concept, no text, high quality, best quality","lowres, bad anatomy, bad hands, text, error, missing fingers, extra digit, fewer digits, cropped, worst quality, low quality, blurry, pixelated, watermark, signature, letters, words, UI screenshot, clutter, neon glare, scary expression, gross food texture, photorealistic pickle, inconsistent character, malformed arms, extra limbs, smooth skin, tomato shape, round body",Add final logo typography later in a vector editor.,generated/pickle_book/branding,horizontal-logo
pickle_book,Pickle Book Website Graphics,Branding,branding,Simplified logo mark,simplified-logo-mark,logo,512,512,"educational brand mark, pickle book website, simplified logo mark, fresh green accent, clean vector shape, friendly design, simple silhouette, logo concept, no text, high quality, best quality","lowres, bad anatomy, bad hands, text, error, missing fingers, extra digit, fewer digits, cropped, worst quality, low quality, blurry, pixelated, watermark, signature, letters, words, UI screenshot, clutter, neon glare, scary expression, gross food texture, photorealistic pickle, inconsistent character, malformed arms, extra limbs, smooth skin, tomato shape, round body, photorealistic scene, complex background, tiny details",Add final logo typography later in a vector editor.,generated/pickle_book/branding,simplified-logo-mark
pickle_book,Pickle Book Website Graphics,Branding,branding,Favicon,favicon,favicon,256,256,"educational brand mark, pickle book website, favicon, fresh green accent, clean vector shape, friendly design, simple silhouette, logo concept, no text, high quality, best quality","lowres, bad anatomy, bad hands, text, error, missing fingers, extra digit, fewer digits, cropped, worst quality, low quality, blurry, pixelated, watermark, signature, letters, words, UI screenshot, clutter, neon glare, scary expression, gross food texture, photorealistic pickle, inconsistent character, malformed arms, extra limbs, smooth skin, tomato shape, round body, photorealistic scene, complex background, tiny details",Add final logo typography later in a vector editor.,generated/pickle_book/branding,favicon
pickle_book,Pickle Book Website Graphics,Branding,branding,Social-sharing image,social-sharing-image,social_card,640,336,"educational website graphic, social sharing image, pickle book, chibi pickle, clean outlines, fresh green accents, reading platform style, no text, high quality, best quality","lowres, bad anatomy, bad hands, text, error, missing fingers, extra digit, fewer digits, cropped, worst quality, low quality, blurry, pixelated, watermark, signature, letters, words, UI screenshot, clutter, neon glare, scary expression, gross food texture, photorealistic pickle, inconsistent character, malformed arms, extra limbs, smooth skin, tomato shape, round body",,generated/pickle_book/branding,social-sharing-image
pickle_book,Pickle Book Website Graphics,Branding,branding,Default book-cover graphic,default-book-cover-graphic,book_cover,512,768,"educational website graphic, default book cover graphic, pickle book, chibi pickle, clean outlines, fresh green accents, reading platform style, no text, high quality, best quality","lowres, bad anatomy, bad hands, text, error, missing fingers, extra digit, fewer digits, cropped, worst quality, low quality, blurry, pixelated, watermark, signature, letters, words, UI screenshot, clutter, neon glare, scary expression, gross food texture, photorealistic pickle, inconsistent character, malformed arms, extra limbs, smooth skin, tomato shape, round body",,generated/pickle_book/branding,default-book-cover-graphic
pickle_book,Pickle Book Website Graphics,Chibi Pickle Stickers,chibi-pickle-stickers,Pickle reading a book,pickle-reading-a-book,sticker,512,512,"chibi pickle sticker, pickle reading a book, pickle character, friendly expression, intelligent look, clean dark outline, classic dill pickle body, elongated cucumber shape, bumpy warty pickle texture, pickle ridges, dark green pickle skin, light green bumps, fresh pickle appearance, academic detail, soft shading, simple silhouette, white sticker border, transparent background, website asset, no text, high quality, best quality","lowres, bad anatomy, bad hands, text, error, missing fingers, extra digit, fewer digits, cropped, worst quality, low quality, blurry, pixelated, watermark, signature, letters, words, UI screenshot, clutter, neon glare, scary expression, gross food texture, photorealistic pickle, inconsistent character, malformed arms, extra limbs, smooth skin, tomato shape, round body",,generated/pickle_book/chibi-pickle-stickers,pickle-reading-a-book
pickle_book,Pickle Book Website Graphics,Chibi Pickle Stickers,chibi-pickle-stickers,Pickle holding a pencil,pickle-holding-a-pencil,sticker,512,512,"chibi pickle sticker, pickle holding a pencil, pickle character, friendly expression, intelligent look, clean dark outline, classic dill pickle body, elongated cucumber shape, bumpy warty pickle texture, pickle ridges, dark green pickle skin, light green bumps, fresh pickle appearance, academic detail, soft shading, simple silhouette, white sticker border, transparent background, website asset, no text, high quality, best quality","lowres, bad anatomy, bad hands, text, error, missing fingers, extra digit, fewer digits, cropped, worst quality, low quality, blurry, pixelated, watermark, signature, letters, words, UI screenshot, clutter, neon glare, scary expression, gross food texture, photorealistic pickle, inconsistent character, malformed arms, extra limbs, smooth skin, tomato shape, round body",,generated/pickle_book/chibi-pickle-stickers,pickle-holding-a-pencil
pickle_book,Pickle Book Website Graphics,Chibi Pickle Stickers,chibi-pickle-stickers,Pickle writing,pickle-writing,sticker,512,512,"chibi pickle sticker, pickle writing, pickle character, friendly expression, intelligent look, clean dark outline, classic dill pickle body, elongated cucumber shape, bumpy warty pickle texture, pickle ridges, dark green pickle skin, light green bumps, fresh pickle appearance, academic detail, soft shading, simple silhouette, white sticker border, transparent background, website asset, no text, high quality, best quality","lowres, bad anatomy, bad hands, text, error, missing fingers, extra digit, fewer digits, cropped, worst quality, low quality, blurry, pixelated, watermark, signature, letters, words, UI screenshot, clutter, neon glare, scary expression, gross food texture, photorealistic pickle, inconsistent character, malformed arms, extra limbs, smooth skin, tomato shape, round body",,generated/pickle_book/chibi-pickle-stickers,pickle-writing
pickle_book,Pickle Book Website Graphics,Chibi Pickle Stickers,chibi-pickle-stickers,Pickle wearing glasses,pickle-wearing-glasses,sticker,512,512,"chibi pickle sticker, pickle wearing glasses, pickle character, friendly expression, intelligent look, clean dark outline, classic dill pickle body, elongated cucumber shape, bumpy warty pickle texture, pickle ridges, dark green pickle skin, light green bumps, fresh pickle appearance, academic detail, soft shading, simple silhouette, white sticker border, transparent background, website asset, no text, high quality, best quality","lowres, bad anatomy, bad hands, text, error, missing fingers, extra digit, fewer digits, cropped, worst quality, low quality, blurry, pixelated, watermark, signature, letters, words, UI screenshot, clutter, neon glare, scary expression, gross food texture, photorealistic pickle, inconsistent character, malformed arms, extra limbs, smooth skin, tomato shape, round body",,generated/pickle_book/chibi-pickle-stickers,pickle-wearing-glasses
pickle_book,Pickle Book Website Graphics,Chibi Pickle Stickers,chibi-pickle-stickers,Pickle thinking,pickle-thinking,sticker,512,512,"chibi pickle sticker, pickle thinking, pickle character, friendly expression, intelligent look, clean dark outline, classic dill pickle body, elongated cucumber shape, bumpy warty pickle texture, pickle ridges, dark green pickle skin, light green bumps, fresh pickle appearance, academic detail, soft shading, simple silhouette, white sticker border, transparent background, website asset, no text, high quality, best quality","lowres, bad anatomy, bad hands, text, error, missing fingers, extra digit, fewer digits, cropped, worst quality, low quality, blurry, pixelated, watermark, signature, letters, words, UI screenshot, clutter, neon glare, scary expression, gross food texture, photorealistic pickle, inconsistent character, malformed arms, extra limbs, smooth skin, tomato shape, round body",,generated/pickle_book/chibi-pickle-stickers,pickle-thinking
pickle_book,Pickle Book Website Graphics,Chibi Pickle Stickers,chibi-pickle-stickers,Pickle pointing,pickle-pointing,sticker,512,512,"chibi pickle sticker, pickle pointing, pickle character, friendly expression, intelligent look, clean dark outline, classic dill pickle body, elongated cucumber shape, bumpy warty pickle texture, pickle ridges, dark green pickle skin, light green bumps, fresh pickle appearance, academic detail, soft shading, simple silhouette, white sticker border, transparent background, website asset, no text, high quality, best quality","lowres, bad anatomy, bad hands, text, error, missing fingers, extra digit, fewer digits, cropped, worst quality, low quality, blurry, pixelated, watermark, signature, letters, words, UI screenshot, clutter, neon glare, scary expression, gross food texture, photorealistic pickle, inconsistent character, malformed arms, extra limbs, smooth skin, tomato shape, round body",,generated/pickle_book/chibi-pickle-stickers,pickle-pointing
pickle_book,Pickle Book Website Graphics,Chibi Pickle Stickers,chibi-pickle-stickers,Pickle celebrating,pickle-celebrating,sticker,512,512,"chibi pickle sticker, pickle celebrating, pickle character, friendly expression, intelligent look, clean dark outline, classic dill pickle body, elongated cucumber shape, bumpy warty pickle texture, pickle ridges, dark green pickle skin, light green bumps, fresh pickle appearance, academic detail, soft shading, simple silhouette, white sticker border, transparent background, website asset, no text, high quality, best quality","lowres, bad anatomy, bad hands, text, error, missing fingers, extra digit, fewer digits, cropped, worst quality, low quality, blurry, pixelated, watermark, signature, letters, words, UI screenshot, clutter, neon glare, scary expression, gross food texture, photorealistic pickle, inconsistent character, malformed arms, extra limbs, smooth skin, tomato shape, round body",,generated/pickle_book/chibi-pickle-stickers,pickle-celebrating
pickle_book,Pickle Book Website Graphics,Chibi Pickle Stickers,chibi-pickle-stickers,Pickle holding a lightbulb,pickle-holding-a-lightbulb,sticker,512,512,"chibi pickle sticker, pickle holding a lightbulb, pickle character, friendly expression, intelligent look, clean dark outline, classic dill pickle body, elongated cucumber shape, bumpy warty pickle texture, pickle ridges, dark green pickle skin, light green bumps, fresh pickle appearance, academic detail, soft shading, simple silhouette, white sticker border, transparent background, website asset, no text, high quality, best quality","lowres, bad anatomy, bad hands, text, error, missing fingers, extra digit, fewer digits, cropped, worst quality, low quality, blurry, pixelated, watermark, signature, letters, words, UI screenshot, clutter, neon glare, scary expression, gross food texture, photorealistic pickle, inconsistent character, malformed arms, extra limbs, smooth skin, tomato shape, round body",,generated/pickle_book/chibi-pickle-stickers,pickle-holding-a-lightbulb
pickle_book,Pickle Book Website Graphics,Chibi Pickle Stickers,chibi-pickle-stickers,Pickle asking a question,pickle-asking-a-question,sticker,512,512,"chibi pickle sticker, pickle asking a question, pickle character, friendly expression, intelligent look, clean dark outline, classic dill pickle body, elongated cucumber shape, bumpy warty pickle texture, pickle ridges, dark green pickle skin, light green bumps, fresh pickle appearance, academic detail, soft shading, simple silhouette, white sticker border, transparent background, website asset, no text, high quality, best quality","lowres, bad anatomy, bad hands, text, error, missing fingers, extra digit, fewer digits, cropped, worst quality, low quality, blurry, pixelated, watermark, signature, letters, words, UI screenshot, clutter, neon glare, scary expression, gross food texture, photorealistic pickle, inconsistent character, malformed arms, extra limbs, smooth skin, tomato shape, round body",,generated/pickle_book/chibi-pickle-stickers,pickle-asking-a-question
pickle_book,Pickle Book Website Graphics,Chibi Pickle Stickers,chibi-pickle-stickers,Pickle presenting an answer,pickle-presenting-an-answer,sticker,512,512,"chibi pickle sticker, pickle presenting an answer, pickle character, friendly expression, intelligent look, clean dark outline, classic dill pickle body, elongated cucumber shape, bumpy warty pickle texture, pickle ridges, dark green pickle skin, light green bumps, fresh pickle appearance, academic detail, soft shading, simple silhouette, white sticker border, transparent background, website asset, no text, high quality, best quality","lowres, bad anatomy, bad hands, text, error, missing fingers, extra digit, fewer digits, cropped, worst quality, low quality, blurry, pixelated, watermark, signature, letters, words, UI screenshot, clutter, neon glare, scary expression, gross food texture, photorealistic pickle, inconsistent character, malformed arms, extra limbs, smooth skin, tomato shape, round body",,generated/pickle_book/chibi-pickle-stickers,pickle-presenting-an-answer
pickle_book,Pickle Book Website Graphics,Chibi Pickle Stickers,chibi-pickle-stickers,Pickle holding a warning sign,pickle-holding-a-warning-sign,sticker,512,512,"chibi pickle sticker, pickle holding a warning sign, pickle character, friendly expression, intelligent look, clean dark outline, classic dill pickle body, elongated cucumber shape, bumpy warty pickle texture, pickle ridges, dark green pickle skin, light green bumps, fresh pickle appearance, academic detail, soft shading, simple silhouette, white sticker border, transparent background, website asset, no text, high quality, best quality","lowres, bad anatomy, bad hands, text, error, missing fingers, extra digit, fewer digits, cropped, worst quality, low quality, blurry, pixelated, watermark, signature, letters, words, UI screenshot, clutter, neon glare, scary expression, gross food texture, photorealistic pickle, inconsistent character, malformed arms, extra limbs, smooth skin, tomato shape, round body",,generated/pickle_book/chibi-pickle-stickers,pickle-holding-a-warning-sign
pickle_book,Pickle Book Website Graphics,Chibi Pickle Stickers,chibi-pickle-stickers,Pickle performing an experiment,pickle-performing-an-experiment,sticker,512,512,"chibi pickle sticker, pickle performing an experiment, pickle character, friendly expression, intelligent look, clean dark outline, classic dill pickle body, elongated cucumber shape, bumpy warty pickle texture, pickle ridges, dark green pickle skin, light green bumps, fresh pickle appearance, academic detail, soft shading, simple silhouette, white sticker border, transparent background, website asset, no text, high quality, best quality","lowres, bad anatomy, bad hands, text, error, missing fingers, extra digit, fewer digits, cropped, worst quality, low quality, blurry, pixelated, watermark, signature, letters, words, UI screenshot, clutter, neon glare, scary expression, gross food texture, photorealistic pickle, inconsistent character, malformed arms, extra limbs, smooth skin, tomato shape, round body",,generated/pickle_book/chibi-pickle-stickers,pickle-performing-an-experiment
pickle_book,Pickle Book Website Graphics,Chibi Pickle Stickers,chibi-pickle-stickers,Pickle carrying books,pickle-carrying-books,sticker,512,512,"chibi pickle sticker, pickle carrying books, pickle character, friendly expression, intelligent look, clean dark outline, classic dill pickle body, elongated cucumber shape, bumpy warty pickle texture, pickle ridges, dark green pickle skin, light green bumps, fresh pickle appearance, academic detail, soft shading, simple silhouette, white sticker border, transparent background, website asset, no text, high quality, best quality","lowres, bad anatomy, bad hands, text, error, missing fingers, extra digit, fewer digits, cropped, worst quality, low quality, blurry, pixelated, watermark, signature, letters, words, UI screenshot, clutter, neon glare, scary expression, gross food texture, photorealistic pickle, inconsistent character, malformed arms, extra limbs, smooth skin, tomato shape, round body",,generated/pickle_book/chibi-pickle-stickers,pickle-carrying-books
pickle_book,Pickle Book Website Graphics,Chibi Pickle Stickers,chibi-pickle-stickers,Pickle sleeping beside a bookmark,pickle-sleeping-beside-a-bookmark,sticker,512,512,"chibi pickle sticker, pickle sleeping beside a bookmark, pickle character, friendly expression, intelligent look, clean dark outline, classic dill pickle body, elongated cucumber shape, bumpy warty pickle texture, pickle ridges, dark green pickle skin, light green bumps, fresh pickle appearance, academic detail, soft shading, simple silhouette, white sticker border, transparent background, website asset, no text, high quality, best quality","lowres, bad anatomy, bad hands, text, error, missing fingers, extra digit, fewer digits, cropped, worst quality, low quality, blurry, pixelated, watermark, signature, letters, words, UI screenshot, clutter, neon glare, scary expression, gross food texture, photorealistic pickle, inconsistent character, malformed arms, extra limbs, smooth skin, tomato shape, round body",,generated/pickle_book/chibi-pickle-stickers,pickle-sleeping-beside-a-bookmark
pickle_book,Pickle Book Website Graphics,Chibi Pickle Stickers,chibi-pickle-stickers,Pickle welcoming the reader,pickle-welcoming-the-reader,sticker,512,512,"chibi pickle sticker, pickle welcoming the reader, pickle character, friendly expression, intelligent look, clean dark outline, classic dill pickle body, elongated cucumber shape, bumpy warty pickle texture, pickle ridges, dark green pickle skin, light green bumps, fresh pickle appearance, academic detail, soft shading, simple silhouette, white sticker border, transparent background, website asset, no text, high quality, best quality","lowres, bad anatomy, bad hands, text, error, missing fingers, extra digit, fewer digits, cropped, worst quality, low quality, blurry, pixelated, watermark, signature, letters, words, UI screenshot, clutter, neon glare, scary expression, gross food texture, photorealistic pickle, inconsistent character, malformed arms, extra limbs, smooth skin, tomato shape, round body",,generated/pickle_book/chibi-pickle-stickers,pickle-welcoming-the-reader
pickle_book,Pickle Book Website Graphics,Chibi Pickle Stickers,chibi-pickle-stickers,Pickle showing a key concept,pickle-showing-a-key-concept,sticker,512,512,"chibi pickle sticker, pickle showing a key concept, pickle character, friendly expression, intelligent look, clean dark outline, classic dill pickle body, elongated cucumber shape, bumpy warty pickle texture, pickle ridges, dark green pickle skin, light green bumps, fresh pickle appearance, academic detail, soft shading, simple silhouette, white sticker border, transparent background, website asset, no text, high quality, best quality","lowres, bad anatomy, bad hands, text, error, missing fingers, extra digit, fewer digits, cropped, worst quality, low quality, blurry, pixelated, watermark, signature, letters, words, UI screenshot, clutter, neon glare, scary expression, gross food texture, photorealistic pickle, inconsistent character, malformed arms, extra limbs, smooth skin, tomato shape, round body",,generated/pickle_book/chibi-pickle-stickers,pickle-showing-a-key-concept
pickle_book,Pickle Book Website Graphics,Chibi Pickle Stickers,chibi-pickle-stickers,Pickle marking chapter completion,pickle-marking-chapter-completion,sticker,512,512,"chibi pickle sticker, pickle marking chapter completion, pickle character, friendly expression, intelligent look, clean dark outline, classic dill pickle body, elongated cucumber shape, bumpy warty pickle texture, pickle ridges, dark green pickle skin, light green bumps, fresh pickle appearance, academic detail, soft shading, simple silhouette, white sticker border, transparent background, website asset, no text, high quality, best quality","lowres, bad anatomy, bad hands, text, error, missing fingers, extra digit, fewer digits, cropped, worst quality, low quality, blurry, pixelated, watermark, signature, letters, words, UI screenshot, clutter, neon glare, scary expression, gross food texture, photorealistic pickle, inconsistent character, malformed arms, extra limbs, smooth skin, tomato shape, round body",,generated/pickle_book/chibi-pickle-stickers,pickle-marking-chapter-completion
pickle_book,Pickle Book Website Graphics,Chibi Pickle Stickers,chibi-pickle-stickers,Pickle for empty search results,pickle-for-empty-search-results,sticker,512,512,"chibi pickle sticker, pickle for empty search results, pickle character, friendly expression, intelligent look, clean dark outline, classic dill pickle body, elongated cucumber shape, bumpy warty pickle texture, pickle ridges, dark green pickle skin, light green bumps, fresh pickle appearance, academic detail, soft shading, simple silhouette, white sticker border, transparent background, website asset, no text, high quality, best quality","lowres, bad anatomy, bad hands, text, error, missing fingers, extra digit, fewer digits, cropped, worst quality, low quality, blurry, pixelated, watermark, signature, letters, words, UI screenshot, clutter, neon glare, scary expression, gross food texture, photorealistic pickle, inconsistent character, malformed arms, extra limbs, smooth skin, tomato shape, round body",,generated/pickle_book/chibi-pickle-stickers,pickle-for-empty-search-results
pickle_book,Pickle Book Website Graphics,Chibi Pickle Stickers,chibi-pickle-stickers,Pickle for an empty bookmark list,pickle-for-an-empty-bookmark-list,sticker,512,512,"chibi pickle sticker, pickle for an empty bookmark list, pickle character, friendly expression, intelligent look, clean dark outline, classic dill pickle body, elongated cucumber shape, bumpy warty pickle texture, pickle ridges, dark green pickle skin, light green bumps, fresh pickle appearance, academic detail, soft shading, simple silhouette, white sticker border, transparent background, website asset, no text, high quality, best quality","lowres, bad anatomy, bad hands, text, error, missing fingers, extra digit, fewer digits, cropped, worst quality, low quality, blurry, pixelated, watermark, signature, letters, words, UI screenshot, clutter, neon glare, scary expression, gross food texture, photorealistic pickle, inconsistent character, malformed arms, extra limbs, smooth skin, tomato shape, round body",,generated/pickle_book/chibi-pickle-stickers,pickle-for-an-empty-bookmark-list
pickle_book,Pickle Book Website Graphics,Chibi Pickle Stickers,chibi-pickle-stickers,Pickle for a missing or error page,pickle-for-a-missing-or-error-page,sticker,512,512,"chibi pickle sticker, pickle for a missing or error page, pickle character, friendly expression, intelligent look, clean dark outline, classic dill pickle body, elongated cucumber shape, bumpy warty pickle texture, pickle ridges, dark green pickle skin, light green bumps, fresh pickle appearance, academic detail, soft shading, simple silhouette, white sticker border, transparent background, website asset, no text, high quality, best quality","lowres, bad anatomy, bad hands, text, error, missing fingers, extra digit, fewer digits, cropped, worst quality, low quality, blurry, pixelated, watermark, signature, letters, words, UI screenshot, clutter, neon glare, scary expression, gross food texture, photorealistic pickle, inconsistent character, malformed arms, extra limbs, smooth skin, tomato shape, round body",,generated/pickle_book/chibi-pickle-stickers,pickle-for-a-missing-or-error-page
pickle_book,Pickle Book Website Graphics,Interface Graphics,interface-graphics,Chapter-number badge,chapter-number-badge,badge,384,384,"educational UI icon, chapter number badge, pickle book website, simple vector style, fresh green accent, dark outline, centered, transparent background, no text, high quality, best quality","lowres, bad anatomy, bad hands, text, error, missing fingers, extra digit, fewer digits, cropped, worst quality, low quality, blurry, pixelated, watermark, signature, letters, words, UI screenshot, clutter, neon glare, scary expression, gross food texture, photorealistic pickle, inconsistent character, malformed arms, extra limbs, smooth skin, tomato shape, round body, photorealistic scene, complex background, tiny details",,generated/pickle_book/interface-graphics,chapter-number-badge
pickle_book,Pickle Book Website Graphics,Interface Graphics,interface-graphics,Bookmark icon,bookmark-icon,icon,384,384,"educational UI icon, bookmark icon, pickle book website, simple vector style, fresh green accent, dark outline, centered, transparent background, no text, high quality, best quality","lowres, bad anatomy, bad hands, text, error, missing fingers, extra digit, fewer digits, cropped, worst quality, low quality, blurry, pixelated, watermark, signature, letters, words, UI screenshot, clutter, neon glare, scary expression, gross food texture, photorealistic pickle, inconsistent character, malformed arms, extra limbs, smooth skin, tomato shape, round body, photorealistic scene, complex background, tiny details",,generated/pickle_book/interface-graphics,bookmark-icon
pickle_book,Pickle Book Website Graphics,Interface Graphics,interface-graphics,Completed-chapter badge,completed-chapter-badge,badge,384,384,"educational UI icon, completed chapter badge, pickle book website, simple vector style, fresh green accent, dark outline, centered, transparent background, no text, high quality, best quality","lowres, bad anatomy, bad hands, text, error, missing fingers, extra digit, fewer digits, cropped, worst quality, low quality, blurry, pixelated, watermark, signature, letters, words, UI screenshot, clutter, neon glare, scary expression, gross food texture, photorealistic pickle, inconsistent character, malformed arms, extra limbs, smooth skin, tomato shape, round body, photorealistic scene, complex background, tiny details",,generated/pickle_book/interface-graphics,completed-chapter-badge
pickle_book,Pickle Book Website Graphics,Interface Graphics,interface-graphics,Reading-progress marker,reading-progress-marker,badge,384,384,"educational UI icon, reading progress marker, pickle book website, simple vector style, fresh green accent, dark outline, centered, transparent background, no text, high quality, best quality","lowres, bad anatomy, bad hands, text, error, missing fingers, extra digit, fewer digits, cropped, worst quality, low quality, blurry, pixelated, watermark, signature, letters, words, UI screenshot, clutter, neon glare, scary expression, gross food texture, photorealistic pickle, inconsistent character, malformed arms, extra limbs, smooth skin, tomato shape, round body, photorealistic scene, complex background, tiny details",,generated/pickle_book/interface-graphics,reading-progress-marker
pickle_book,Pickle Book Website Graphics,Interface Graphics,interface-graphics,Definition icon,definition-icon,icon,384,384,"educational UI icon, definition icon, pickle book website, simple vector style, fresh green accent, dark outline, centered, transparent background, no text, high quality, best quality","lowres, bad anatomy, bad hands, text, error, missing fingers, extra digit, fewer digits, cropped, worst quality, low quality, blurry, pixelated, watermark, signature, letters, words, UI screenshot, clutter, neon glare, scary expression, gross food texture, photorealistic pickle, inconsistent character, malformed arms, extra limbs, smooth skin, tomato shape, round body, photorealistic scene, complex background, tiny details",,generated/pickle_book/interface-graphics,definition-icon
pickle_book,Pickle Book Website Graphics,Interface Graphics,interface-graphics,Important-note icon,important-note-icon,icon,384,384,"educational UI icon, important note icon, pickle book website, simple vector style, fresh green accent, dark outline, centered, transparent background, no text, high quality, best quality","lowres, bad anatomy, bad hands, text, error, missing fingers, extra digit, fewer digits, cropped, worst quality, low quality, blurry, pixelated, watermark, signature, letters, words, UI screenshot, clutter, neon glare, scary expression, gross food texture, photorealistic pickle, inconsistent character, malformed arms, extra limbs, smooth skin, tomato shape, round body, photorealistic scene, complex background, tiny details",,generated/pickle_book/interface-graphics,important-note-icon
pickle_book,Pickle Book Website Graphics,Interface Graphics,interface-graphics,Warning icon,warning-icon,icon,384,384,"educational UI icon, warning icon, pickle book website, simple vector style, fresh green accent, dark outline, centered, transparent background, no text, high quality, best quality","lowres, bad anatomy, bad hands, text, error, missing fingers, extra digit, fewer digits, cropped, worst quality, low quality, blurry, pixelated, watermark, signature, letters, words, UI screenshot, clutter, neon glare, scary expression, gross food texture, photorealistic pickle, inconsistent character, malformed arms, extra limbs, smooth skin, tomato shape, round body, photorealistic scene, complex background, tiny details",,generated/pickle_book/interface-graphics,warning-icon
pickle_book,Pickle Book Website Graphics,Interface Graphics,interface-graphics,Example icon,example-icon,icon,384,384,"educational UI icon, example icon, pickle book website, simple vector style, fresh green accent, dark outline, centered, transparent background, no text, high quality, best quality","lowres, bad anatomy, bad hands, text, error, missing fingers, extra digit, fewer digits, cropped, worst quality, low quality, blurry, pixelated, watermark, signature, letters, words, UI screenshot, clutter, neon glare, scary expression, gross food texture, photorealistic pickle, inconsistent character, malformed arms, extra limbs, smooth skin, tomato shape, round body, photorealistic scene, complex background, tiny details",,generated/pickle_book/interface-graphics,example-icon
pickle_book,Pickle Book Website Graphics,Interface Graphics,interface-graphics,Question icon,question-icon,icon,384,384,"educational UI icon, question icon, pickle book website, simple vector style, fresh green accent, dark outline, centered, transparent background, no text, high quality, best quality","lowres, bad anatomy, bad hands, text, error, missing fingers, extra digit, fewer digits, cropped, worst quality, low quality, blurry, pixelated, watermark, signature, letters, words, UI screenshot, clutter, neon glare, scary expression, gross food texture, photorealistic pickle, inconsistent character, malformed arms, extra limbs, smooth skin, tomato shape, round body, photorealistic scene, complex background, tiny details",,generated/pickle_book/interface-graphics,question-icon
pickle_book,Pickle Book Website Graphics,Interface Graphics,interface-graphics,Answer icon,answer-icon,icon,384,384,"educational UI icon, answer icon, pickle book website, simple vector style, fresh green accent, dark outline, centered, transparent background, no text, high quality, best quality","lowres, bad anatomy, bad hands, text, error, missing fingers, extra digit, fewer digits, cropped, worst quality, low quality, blurry, pixelated, watermark, signature, letters, words, UI screenshot, clutter, neon glare, scary expression, gross food texture, photorealistic pickle, inconsistent character, malformed arms, extra limbs, smooth skin, tomato shape, round body, photorealistic scene, complex background, tiny details",,generated/pickle_book/interface-graphics,answer-icon
pickle_book,Pickle Book Website Graphics,Interface Graphics,interface-graphics,Experiment icon,experiment-icon,icon,384,384,"educational UI icon, experiment icon, pickle book website, simple vector style, fresh green accent, dark outline, centered, transparent background, no text, high quality, best quality","lowres, bad anatomy, bad hands, text, error, missing fingers, extra digit, fewer digits, cropped, worst quality, low quality, blurry, pixelated, watermark, signature, letters, words, UI screenshot, clutter, neon glare, scary expression, gross food texture, photorealistic pickle, inconsistent character, malformed arms, extra limbs, smooth skin, tomato shape, round body, photorealistic scene, complex background, tiny details",,generated/pickle_book/interface-graphics,experiment-icon
pickle_book,Pickle Book Website Graphics,Interface Graphics,interface-graphics,Summary icon,summary-icon,icon,384,384,"educational UI icon, summary icon, pickle book website, simple vector style, fresh green accent, dark outline, centered, transparent background, no text, high quality, best quality","lowres, bad anatomy, bad hands, text, error, missing fingers, extra digit, fewer digits, cropped, worst quality, low quality, blurry, pixelated, watermark, signature, letters, words, UI screenshot, clutter, neon glare, scary expression, gross food texture, photorealistic pickle, inconsistent character, malformed arms, extra limbs, smooth skin, tomato shape, round body, photorealistic scene, complex background, tiny details",,generated/pickle_book/interface-graphics,summary-icon
pickle_book,Pickle Book Website Graphics,Interface Graphics,interface-graphics,Vocabulary icon,vocabulary-icon,icon,384,384,"educational UI icon, vocabulary icon, pickle book website, simple vector style, fresh green accent, dark outline, centered, transparent background, no text, high quality, best quality","lowres, bad anatomy, bad hands, text, error, missing fingers, extra digit, fewer digits, cropped, worst quality, low quality, blurry, pixelated, watermark, signature, letters, words, UI screenshot, clutter, neon glare, scary expression, gross food texture, photorealistic pickle, inconsistent character, malformed arms, extra limbs, smooth skin, tomato shape, round body, photorealistic scene, complex background, tiny details",,generated/pickle_book/interface-graphics,vocabulary-icon
pickle_book,Pickle Book Website Graphics,Interface Graphics,interface-graphics,Learning-objectives icon,learning-objectives-icon,icon,384,384,"educational UI icon, learning objectives icon, pickle book website, simple vector style, fresh green accent, dark outline, centered, transparent background, no text, high quality, best quality","lowres, bad anatomy, bad hands, text, error, missing fingers, extra digit, fewer digits, cropped, worst quality, low quality, blurry, pixelated, watermark, signature, letters, words, UI screenshot, clutter, neon glare, scary expression, gross food texture, photorealistic pickle, inconsistent character, malformed arms, extra limbs, smooth skin, tomato shape, round body, photorealistic scene, complex background, tiny details",,generated/pickle_book/interface-graphics,learning-objectives-icon
pickle_book,Pickle Book Website Graphics,Interface Graphics,interface-graphics,Decorative page-corner stickers,decorative-page-corner-stickers,illustration,512,512,"educational website graphic, decorative page corner stickers, pickle book, chibi pickle, clean outlines, fresh green accents, reading platform style, no text, high quality, best quality","lowres, bad anatomy, bad hands, text, error, missing fingers, extra digit, fewer digits, cropped, worst quality, low quality, blurry, pixelated, watermark, signature, letters, words, UI screenshot, clutter, neon glare, scary expression, gross food texture, photorealistic pickle, inconsistent character, malformed arms, extra limbs, smooth skin, tomato shape, round body",,generated/pickle_book/interface-graphics,decorative-page-corner-stickers
pickle_book,Pickle Book Website Graphics,Interface Graphics,interface-graphics,Small notebook or paper texture,small-notebook-or-paper-texture,pattern,512,512,"educational decorative asset, small notebook or paper texture, pickle themed, light paper texture, fresh green accents, pickle sticker motifs, clean academic style, negative space, no text, high quality, best quality","lowres, bad anatomy, bad hands, text, error, missing fingers, extra digit, fewer digits, cropped, worst quality, low quality, blurry, pixelated, watermark, signature, letters, words, UI screenshot, clutter, neon glare, scary expression, gross food texture, photorealistic pickle, inconsistent character, malformed arms, extra limbs, smooth skin, tomato shape, round body",,generated/pickle_book/interface-graphics,small-notebook-or-paper-texture
pickle_book,Pickle Book Website Graphics,Interface Graphics,interface-graphics,Chapter-divider graphics,chapter-divider-graphics,divider,768,320,"educational decorative asset, chapter divider graphics, pickle themed, light paper texture, fresh green accents, pickle sticker motifs, clean academic style, negative space, no text, high quality, best quality","lowres, bad anatomy, bad hands, text, error, missing fingers, extra digit, fewer digits, cropped, worst quality, low quality, blurry, pixelated, watermark, signature, letters, words, UI screenshot, clutter, neon glare, scary expression, gross food texture, photorealistic pickle, inconsistent character, malformed arms, extra limbs, smooth skin, tomato shape, round body",,generated/pickle_book/interface-graphics,chapter-divider-graphics
physics_book,Physics Book Website Graphics,Branding,branding,Primary logo,primary-logo,logo,512,512,"physics education UI mark, primary logo, scientific line art, star accent, spectrum accent, dark navy, luminous colors, centered, vector, simple silhouette, no text, high quality, best quality","lowres, bad anatomy, bad hands, text, error, missing fingers, extra digit, fewer digits, cropped, worst quality, low quality, blurry, pixelated, watermark, signature, letters, words, UI screenshot, clutter, neon glare, incorrect labels, wrong equations, random numbers, unreadable axes, overcrowded labels, photorealistic scene, complex background, tiny details",Add final logo typography later in a vector editor.,generated/physics_book/branding,primary-logo
physics_book,Physics Book Website Graphics,Branding,branding,Horizontal logo,horizontal-logo,horizontal_logo,768,448,"physics education UI mark, horizontal logo, scientific line art, star accent, spectrum accent, dark navy, luminous colors, centered, vector, simple silhouette, no text, high quality, best quality","lowres, bad anatomy, bad hands, text, error, missing fingers, extra digit, fewer digits, cropped, worst quality, low quality, blurry, pixelated, watermark, signature, letters, words, UI screenshot, clutter, neon glare, incorrect labels, wrong equations, random numbers, unreadable axes, overcrowded labels",Add final logo typography later in a vector editor.,generated/physics_book/branding,horizontal-logo
physics_book,Physics Book Website Graphics,Branding,branding,Simplified logo mark,simplified-logo-mark,logo,512,512,"physics education UI mark, simplified logo mark, scientific line art, star accent, spectrum accent, dark navy, luminous colors, centered, vector, simple silhouette, no text, high quality, best quality","lowres, bad anatomy, bad hands, text, error, missing fingers, extra digit, fewer digits, cropped, worst quality, low quality, blurry, pixelated, watermark, signature, letters, words, UI screenshot, clutter, neon glare, incorrect labels, wrong equations, random numbers, unreadable axes, overcrowded labels, photorealistic scene, complex background, tiny details",Add final logo typography later in a vector editor.,generated/physics_book/branding,simplified-logo-mark
physics_book,Physics Book Website Graphics,Branding,branding,Favicon,favicon,favicon,256,256,"physics education UI mark, favicon, scientific line art, star accent, spectrum accent, dark navy, luminous colors, centered, vector, simple silhouette, no text, high quality, best quality","lowres, bad anatomy, bad hands, text, error, missing fingers, extra digit, fewer digits, cropped, worst quality, low quality, blurry, pixelated, watermark, signature, letters, words, UI screenshot, clutter, neon glare, incorrect labels, wrong equations, random numbers, unreadable axes, overcrowded labels, photorealistic scene, complex background, tiny details",,generated/physics_book/branding,favicon
physics_book,Physics Book Website Graphics,Branding,branding,Social-sharing image,social-sharing-image,social_card,640,336,"physics education website graphic, social sharing image, galaxy, stars, spectrum, wavelength, frequency, textbook style, no text, high quality, best quality","lowres, bad anatomy, bad hands, text, error, missing fingers, extra digit, fewer digits, cropped, worst quality, low quality, blurry, pixelated, watermark, signature, letters, words, UI screenshot, clutter, neon glare, incorrect labels, wrong equations, random numbers, unreadable axes, overcrowded labels",,generated/physics_book/branding,social-sharing-image
physics_book,Physics Book Website Graphics,Branding,branding,Physics book-cover graphic,physics-book-cover-graphic,book_cover,512,768,"physics textbook cover, physics book cover graphic, galaxy, stars, electromagnetic spectrum, photon energy, scientific composition, empty space for title, no text, high quality, best quality","lowres, bad anatomy, bad hands, text, error, missing fingers, extra digit, fewer digits, cropped, worst quality, low quality, blurry, pixelated, watermark, signature, letters, words, UI screenshot, clutter, neon glare, incorrect labels, wrong equations, random numbers, unreadable axes, overcrowded labels",,generated/physics_book/branding,physics-book-cover-graphic
physics_book,Physics Book Website Graphics,Galaxy and Space Graphics,galaxy-and-space-graphics,Star-field background,star-field-background,background,768,512,"galaxy background, star field background, physics education, deep space, restrained stars, constellation lines, spectral accents, high contrast, no text, high quality, best quality","lowres, bad anatomy, bad hands, text, error, missing fingers, extra digit, fewer digits, cropped, worst quality, low quality, blurry, pixelated, watermark, signature, letters, words, UI screenshot, clutter, neon glare, incorrect labels, wrong equations, random numbers, unreadable axes, overcrowded labels",,generated/physics_book/galaxy-and-space-graphics,star-field-background
physics_book,Physics Book Website Graphics,Galaxy and Space Graphics,galaxy-and-space-graphics,Galaxy background,galaxy-background,background,768,512,"galaxy background, galaxy background, physics education, deep space, restrained stars, constellation lines, spectral accents, high contrast, no text, high quality, best quality","lowres, bad anatomy, bad hands, text, error, missing fingers, extra digit, fewer digits, cropped, worst quality, low quality, blurry, pixelated, watermark, signature, letters, words, UI screenshot, clutter, neon glare, incorrect labels, wrong equations, random numbers, unreadable axes, overcrowded labels",,generated/physics_book/galaxy-and-space-graphics,galaxy-background
physics_book,Physics Book Website Graphics,Galaxy and Space Graphics,galaxy-and-space-graphics,Nebula accent graphic,nebula-accent-graphic,illustration,512,512,"physics education website graphic, nebula accent graphic, galaxy, stars, spectrum, wavelength, frequency, textbook style, no text, high quality, best quality","lowres, bad anatomy, bad hands, text, error, missing fingers, extra digit, fewer digits, cropped, worst quality, low quality, blurry, pixelated, watermark, signature, letters, words, UI screenshot, clutter, neon glare, incorrect labels, wrong equations, random numbers, unreadable axes, overcrowded labels",,generated/physics_book/galaxy-and-space-graphics,nebula-accent-graphic
physics_book,Physics Book Website Graphics,Galaxy and Space Graphics,galaxy-and-space-graphics,Constellation-line pattern,constellation-line-pattern,pattern,512,512,"galaxy background, constellation line pattern, physics education, deep space, restrained stars, constellation lines, spectral accents, high contrast, no text, high quality, best quality","lowres, bad anatomy, bad hands, text, error, missing fingers, extra digit, fewer digits, cropped, worst quality, low quality, blurry, pixelated, watermark, signature, letters, words, UI screenshot, clutter, neon glare, incorrect labels, wrong equations, random numbers, unreadable axes, overcrowded labels",,generated/physics_book/galaxy-and-space-graphics,constellation-line-pattern
physics_book,Physics Book Website Graphics,Galaxy and Space Graphics,galaxy-and-space-graphics,Photon-trail decoration,photon-trail-decoration,illustration,512,512,"physics education website graphic, photon trail decoration, galaxy, stars, spectrum, wavelength, frequency, textbook style, no text, high quality, best quality","lowres, bad anatomy, bad hands, text, error, missing fingers, extra digit, fewer digits, cropped, worst quality, low quality, blurry, pixelated, watermark, signature, letters, words, UI screenshot, clutter, neon glare, incorrect labels, wrong equations, random numbers, unreadable axes, overcrowded labels",,generated/physics_book/galaxy-and-space-graphics,photon-trail-decoration
physics_book,Physics Book Website Graphics,Galaxy and Space Graphics,galaxy-and-space-graphics,Scientific-grid texture,scientific-grid-texture,pattern,512,512,"galaxy background, scientific grid texture, physics education, deep space, restrained stars, constellation lines, spectral accents, high contrast, no text, high quality, best quality","lowres, bad anatomy, bad hands, text, error, missing fingers, extra digit, fewer digits, cropped, worst quality, low quality, blurry, pixelated, watermark, signature, letters, words, UI screenshot, clutter, neon glare, incorrect labels, wrong equations, random numbers, unreadable axes, overcrowded labels",,generated/physics_book/galaxy-and-space-graphics,scientific-grid-texture
physics_book,Physics Book Website Graphics,Galaxy and Space Graphics,galaxy-and-space-graphics,Chapter-divider constellation,chapter-divider-constellation,divider,768,320,"physics education illustration, chapter divider constellation, galaxy, stars, electromagnetic spectrum, wavelength, frequency, photon energy, clean composition, scientific grid, spectral color accents, no labels, no text, high quality, best quality","lowres, bad anatomy, bad hands, text, error, missing fingers, extra digit, fewer digits, cropped, worst quality, low quality, blurry, pixelated, watermark, signature, letters, words, UI screenshot, clutter, neon glare, incorrect labels, wrong equations, random numbers, unreadable axes, overcrowded labels","For factual diagrams, add labels, arrows, equations, and scale values manually.",generated/physics_book/galaxy-and-space-graphics,chapter-divider-constellation
physics_book,Physics Book Website Graphics,Galaxy and Space Graphics,galaxy-and-space-graphics,Chapter-completion star,chapter-completion-star,illustration,512,512,"physics education website graphic, chapter completion star, galaxy, stars, spectrum, wavelength, frequency, textbook style, no text, high quality, best quality","lowres, bad anatomy, bad hands, text, error, missing fingers, extra digit, fewer digits, cropped, worst quality, low quality, blurry, pixelated, watermark, signature, letters, words, UI screenshot, clutter, neon glare, incorrect labels, wrong equations, random numbers, unreadable axes, overcrowded labels",,generated/physics_book/galaxy-and-space-graphics,chapter-completion-star
physics_book,Physics Book Website Graphics,Galaxy and Space Graphics,galaxy-and-space-graphics,Chapter-completion photon animation,chapter-completion-photon-animation,animation_keyframe,512,512,"physics education website graphic, chapter completion photon animation, galaxy, stars, spectrum, wavelength, frequency, textbook style, no text, high quality, best quality","lowres, bad anatomy, bad hands, text, error, missing fingers, extra digit, fewer digits, cropped, worst quality, low quality, blurry, pixelated, watermark, signature, letters, words, UI screenshot, clutter, neon glare, incorrect labels, wrong equations, random numbers, unreadable axes, overcrowded labels",,generated/physics_book/galaxy-and-space-graphics,chapter-completion-photon-animation
physics_book,Physics Book Website Graphics,Galaxy and Space Graphics,galaxy-and-space-graphics,Empty search-results space graphic,empty-search-results-space-graphic,illustration,512,512,"physics education website graphic, empty search results space graphic, galaxy, stars, spectrum, wavelength, frequency, textbook style, no text, high quality, best quality","lowres, bad anatomy, bad hands, text, error, missing fingers, extra digit, fewer digits, cropped, worst quality, low quality, blurry, pixelated, watermark, signature, letters, words, UI screenshot, clutter, neon glare, incorrect labels, wrong equations, random numbers, unreadable axes, overcrowded labels",,generated/physics_book/galaxy-and-space-graphics,empty-search-results-space-graphic
physics_book,Physics Book Website Graphics,Galaxy and Space Graphics,galaxy-and-space-graphics,Physics-themed error-page graphic,physics-themed-error-page-graphic,illustration,512,512,"physics education website graphic, physics themed error page graphic, galaxy, stars, spectrum, wavelength, frequency, textbook style, no text, high quality, best quality","lowres, bad anatomy, bad hands, text, error, missing fingers, extra digit, fewer digits, cropped, worst quality, low quality, blurry, pixelated, watermark, signature, letters, words, UI screenshot, clutter, neon glare, incorrect labels, wrong equations, random numbers, unreadable axes, overcrowded labels",,generated/physics_book/galaxy-and-space-graphics,physics-themed-error-page-graphic
physics_book,Physics Book Website Graphics,Electromagnetic Spectrum Graphics,electromagnetic-spectrum-graphics,Full electromagnetic-spectrum diagram,full-electromagnetic-spectrum-diagram,diagram,768,448,"physics education illustration, full electromagnetic spectrum diagram, galaxy, stars, electromagnetic spectrum, wavelength, frequency, photon energy, clean composition, scientific grid, spectral color accents, no labels, no text, high quality, best quality","lowres, bad anatomy, bad hands, text, error, missing fingers, extra digit, fewer digits, cropped, worst quality, low quality, blurry, pixelated, watermark, signature, letters, words, UI screenshot, clutter, neon glare, incorrect labels, wrong equations, random numbers, unreadable axes, overcrowded labels","For factual diagrams, add labels, arrows, equations, and scale values manually.",generated/physics_book/electromagnetic-spectrum-graphics,full-electromagnetic-spectrum-diagram
physics_book,Physics Book Website Graphics,Electromagnetic Spectrum Graphics,electromagnetic-spectrum-graphics,Radio-wave graphic,radio-wave-graphic,diagram,768,448,"physics education illustration, radio wave graphic, galaxy, stars, electromagnetic spectrum, wavelength, frequency, photon energy, clean composition, scientific grid, spectral color accents, no labels, no text, high quality, best quality","lowres, bad anatomy, bad hands, text, error, missing fingers, extra digit, fewer digits, cropped, worst quality, low quality, blurry, pixelated, watermark, signature, letters, words, UI screenshot, clutter, neon glare, incorrect labels, wrong equations, random numbers, unreadable axes, overcrowded labels","For factual diagrams, add labels, arrows, equations, and scale values manually.",generated/physics_book/electromagnetic-spectrum-graphics,radio-wave-graphic
physics_book,Physics Book Website Graphics,Electromagnetic Spectrum Graphics,electromagnetic-spectrum-graphics,Microwave graphic,microwave-graphic,diagram,768,448,"physics education illustration, microwave graphic, galaxy, stars, electromagnetic spectrum, wavelength, frequency, photon energy, clean composition, scientific grid, spectral color accents, no labels, no text, high quality, best quality","lowres, bad anatomy, bad hands, text, error, missing fingers, extra digit, fewer digits, cropped, worst quality, low quality, blurry, pixelated, watermark, signature, letters, words, UI screenshot, clutter, neon glare, incorrect labels, wrong equations, random numbers, unreadable axes, overcrowded labels","For factual diagrams, add labels, arrows, equations, and scale values manually.",generated/physics_book/electromagnetic-spectrum-graphics,microwave-graphic
physics_book,Physics Book Website Graphics,Electromagnetic Spectrum Graphics,electromagnetic-spectrum-graphics,Infrared graphic,infrared-graphic,diagram,768,448,"physics education illustration, infrared graphic, galaxy, stars, electromagnetic spectrum, wavelength, frequency, photon energy, clean composition, scientific grid, spectral color accents, no labels, no text, high quality, best quality","lowres, bad anatomy, bad hands, text, error, missing fingers, extra digit, fewer digits, cropped, worst quality, low quality, blurry, pixelated, watermark, signature, letters, words, UI screenshot, clutter, neon glare, incorrect labels, wrong equations, random numbers, unreadable axes, overcrowded labels","For factual diagrams, add labels, arrows, equations, and scale values manually.",generated/physics_book/electromagnetic-spectrum-graphics,infrared-graphic
physics_book,Physics Book Website Graphics,Electromagnetic Spectrum Graphics,electromagnetic-spectrum-graphics,Visible-light spectrum graphic,visible-light-spectrum-graphic,diagram,768,448,"physics education illustration, visible light spectrum graphic, galaxy, stars, electromagnetic spectrum, wavelength, frequency, photon energy, clean composition, scientific grid, spectral color accents, no labels, no text, high quality, best quality","lowres, bad anatomy, bad hands, text, error, missing fingers, extra digit, fewer digits, cropped, worst quality, low quality, blurry, pixelated, watermark, signature, letters, words, UI screenshot, clutter, neon glare, incorrect labels, wrong equations, random numbers, unreadable axes, overcrowded labels","For factual diagrams, add labels, arrows, equations, and scale values manually.",generated/physics_book/electromagnetic-spectrum-graphics,visible-light-spectrum-graphic
physics_book,Physics Book Website Graphics,Electromagnetic Spectrum Graphics,electromagnetic-spectrum-graphics,Ultraviolet graphic,ultraviolet-graphic,diagram,768,448,"physics education illustration, ultraviolet graphic, galaxy, stars, electromagnetic spectrum, wavelength, frequency, photon energy, clean composition, scientific grid, spectral color accents, no labels, no text, high quality, best quality","lowres, bad anatomy, bad hands, text, error, missing fingers, extra digit, fewer digits, cropped, worst quality, low quality, blurry, pixelated, watermark, signature, letters, words, UI screenshot, clutter, neon glare, incorrect labels, wrong equations, random numbers, unreadable axes, overcrowded labels","For factual diagrams, add labels, arrows, equations, and scale values manually.",generated/physics_book/electromagnetic-spectrum-graphics,ultraviolet-graphic
physics_book,Physics Book Website Graphics,Electromagnetic Spectrum Graphics,electromagnetic-spectrum-graphics,X-ray graphic,x-ray-graphic,diagram,768,448,"physics education illustration, x ray graphic, galaxy, stars, electromagnetic spectrum, wavelength, frequency, photon energy, clean composition, scientific grid, spectral color accents, no labels, no text, high quality, best quality","lowres, bad anatomy, bad hands, text, error, missing fingers, extra digit, fewer digits, cropped, worst quality, low quality, blurry, pixelated, watermark, signature, letters, words, UI screenshot, clutter, neon glare, incorrect labels, wrong equations, random numbers, unreadable axes, overcrowded labels","For factual diagrams, add labels, arrows, equations, and scale values manually.",generated/physics_book/electromagnetic-spectrum-graphics,x-ray-graphic
physics_book,Physics Book Website Graphics,Electromagnetic Spectrum Graphics,electromagnetic-spectrum-graphics,Gamma-ray graphic,gamma-ray-graphic,diagram,768,448,"physics education illustration, gamma ray graphic, galaxy, stars, electromagnetic spectrum, wavelength, frequency, photon energy, clean composition, scientific grid, spectral color accents, no labels, no text, high quality, best quality","lowres, bad anatomy, bad hands, text, error, missing fingers, extra digit, fewer digits, cropped, worst quality, low quality, blurry, pixelated, watermark, signature, letters, words, UI screenshot, clutter, neon glare, incorrect labels, wrong equations, random numbers, unreadable axes, overcrowded labels","For factual diagrams, add labels, arrows, equations, and scale values manually.",generated/physics_book/electromagnetic-spectrum-graphics,gamma-ray-graphic
physics_book,Physics Book Website Graphics,Electromagnetic Spectrum Graphics,electromagnetic-spectrum-graphics,Spectral color band,spectral-color-band,diagram,768,448,"physics education illustration, spectral color band, galaxy, stars, electromagnetic spectrum, wavelength, frequency, photon energy, clean composition, scientific grid, spectral color accents, no labels, no text, high quality, best quality","lowres, bad anatomy, bad hands, text, error, missing fingers, extra digit, fewer digits, cropped, worst quality, low quality, blurry, pixelated, watermark, signature, letters, words, UI screenshot, clutter, neon glare, incorrect labels, wrong equations, random numbers, unreadable axes, overcrowded labels","For factual diagrams, add labels, arrows, equations, and scale values manually.",generated/physics_book/electromagnetic-spectrum-graphics,spectral-color-band
physics_book,Physics Book Website Graphics,Electromagnetic Spectrum Graphics,electromagnetic-spectrum-graphics,Wavelength scale,wavelength-scale,diagram,768,448,"physics education illustration, wavelength scale, galaxy, stars, electromagnetic spectrum, wavelength, frequency, photon energy, clean composition, scientific grid, spectral color accents, no labels, no text, high quality, best quality","lowres, bad anatomy, bad hands, text, error, missing fingers, extra digit, fewer digits, cropped, worst quality, low quality, blurry, pixelated, watermark, signature, letters, words, UI screenshot, clutter, neon glare, incorrect labels, wrong equations, random numbers, unreadable axes, overcrowded labels","For factual diagrams, add labels, arrows, equations, and scale values manually.",generated/physics_book/electromagnetic-spectrum-graphics,wavelength-scale
physics_book,Physics Book Website Graphics,Electromagnetic Spectrum Graphics,electromagnetic-spectrum-graphics,Frequency scale,frequency-scale,diagram,768,448,"physics education illustration, frequency scale, galaxy, stars, electromagnetic spectrum, wavelength, frequency, photon energy, clean composition, scientific grid, spectral color accents, no labels, no text, high quality, best quality","lowres, bad anatomy, bad hands, text, error, missing fingers, extra digit, fewer digits, cropped, worst quality, low quality, blurry, pixelated, watermark, signature, letters, words, UI screenshot, clutter, neon glare, incorrect labels, wrong equations, random numbers, unreadable axes, overcrowded labels","For factual diagrams, add labels, arrows, equations, and scale values manually.",generated/physics_book/electromagnetic-spectrum-graphics,frequency-scale
physics_book,Physics Book Website Graphics,Electromagnetic Spectrum Graphics,electromagnetic-spectrum-graphics,Photon-energy scale,photon-energy-scale,diagram,768,448,"physics education illustration, photon energy scale, galaxy, stars, electromagnetic spectrum, wavelength, frequency, photon energy, clean composition, scientific grid, spectral color accents, no labels, no text, high quality, best quality","lowres, bad anatomy, bad hands, text, error, missing fingers, extra digit, fewer digits, cropped, worst quality, low quality, blurry, pixelated, watermark, signature, letters, words, UI screenshot, clutter, neon glare, incorrect labels, wrong equations, random numbers, unreadable axes, overcrowded labels","For factual diagrams, add labels, arrows, equations, and scale values manually.",generated/physics_book/electromagnetic-spectrum-graphics,photon-energy-scale
physics_book,Physics Book Website Graphics,Electromagnetic Spectrum Graphics,electromagnetic-spectrum-graphics,Prism-refraction graphic,prism-refraction-graphic,diagram,768,448,"physics education illustration, prism refraction graphic, galaxy, stars, electromagnetic spectrum, wavelength, frequency, photon energy, clean composition, scientific grid, spectral color accents, no labels, no text, high quality, best quality","lowres, bad anatomy, bad hands, text, error, missing fingers, extra digit, fewer digits, cropped, worst quality, low quality, blurry, pixelated, watermark, signature, letters, words, UI screenshot, clutter, neon glare, incorrect labels, wrong equations, random numbers, unreadable axes, overcrowded labels","For factual diagrams, add labels, arrows, equations, and scale values manually.",generated/physics_book/electromagnetic-spectrum-graphics,prism-refraction-graphic
physics_book,Physics Book Website Graphics,Physics Diagrams,physics-diagrams,Wave amplitude diagram,wave-amplitude-diagram,diagram,768,448,"physics education illustration, wave amplitude diagram, galaxy, stars, electromagnetic spectrum, wavelength, frequency, photon energy, clean composition, scientific grid, spectral color accents, no labels, no text, high quality, best quality","lowres, bad anatomy, bad hands, text, error, missing fingers, extra digit, fewer digits, cropped, worst quality, low quality, blurry, pixelated, watermark, signature, letters, words, UI screenshot, clutter, neon glare, incorrect labels, wrong equations, random numbers, unreadable axes, overcrowded labels","For factual diagrams, add labels, arrows, equations, and scale values manually.",generated/physics_book/physics-diagrams,wave-amplitude-diagram
physics_book,Physics Book Website Graphics,Physics Diagrams,physics-diagrams,Wavelength diagram,wavelength-diagram,diagram,768,448,"physics education illustration, wavelength diagram, galaxy, stars, electromagnetic spectrum, wavelength, frequency, photon energy, clean composition, scientific grid, spectral color accents, no labels, no text, high quality, best quality","lowres, bad anatomy, bad hands, text, error, missing fingers, extra digit, fewer digits, cropped, worst quality, low quality, blurry, pixelated, watermark, signature, letters, words, UI screenshot, clutter, neon glare, incorrect labels, wrong equations, random numbers, unreadable axes, overcrowded labels","For factual diagrams, add labels, arrows, equations, and scale values manually.",generated/physics_book/physics-diagrams,wavelength-diagram
physics_book,Physics Book Website Graphics,Physics Diagrams,physics-diagrams,Frequency diagram,frequency-diagram,diagram,768,448,"physics education illustration, frequency diagram, galaxy, stars, electromagnetic spectrum, wavelength, frequency, photon energy, clean composition, scientific grid, spectral color accents, no labels, no text, high quality, best quality","lowres, bad anatomy, bad hands, text, error, missing fingers, extra digit, fewer digits, cropped, worst quality, low quality, blurry, pixelated, watermark, signature, letters, words, UI screenshot, clutter, neon glare, incorrect labels, wrong equations, random numbers, unreadable axes, overcrowded labels","For factual diagrams, add labels, arrows, equations, and scale values manually.",generated/physics_book/physics-diagrams,frequency-diagram
physics_book,Physics Book Website Graphics,Physics Diagrams,physics-diagrams,High-energy versus low-energy wave comparison,high-energy-versus-low-energy-wave-comparison,diagram,768,448,"physics education illustration, high energy versus low energy wave comparison, galaxy, stars, electromagnetic spectrum, wavelength, frequency, photon energy, clean composition, scientific grid, spectral color accents, no labels, no text, high quality, best quality","lowres, bad anatomy, bad hands, text, error, missing fingers, extra digit, fewer digits, cropped, worst quality, low quality, blurry, pixelated, watermark, signature, letters, words, UI screenshot, clutter, neon glare, incorrect labels, wrong equations, random numbers, unreadable axes, overcrowded labels","For factual diagrams, add labels, arrows, equations, and scale values manually.",generated/physics_book/physics-diagrams,high-energy-versus-low-energy-wave-comparison
physics_book,Physics Book Website Graphics,Physics Diagrams,physics-diagrams,Reflection diagram,reflection-diagram,diagram,768,448,"physics education illustration, reflection diagram, galaxy, stars, electromagnetic spectrum, wavelength, frequency, photon energy, clean composition, scientific grid, spectral color accents, no labels, no text, high quality, best quality","lowres, bad anatomy, bad hands, text, error, missing fingers, extra digit, fewer digits, cropped, worst quality, low quality, blurry, pixelated, watermark, signature, letters, words, UI screenshot, clutter, neon glare, incorrect labels, wrong equations, random numbers, unreadable axes, overcrowded labels","For factual diagrams, add labels, arrows, equations, and scale values manually.",generated/physics_book/physics-diagrams,reflection-diagram
physics_book,Physics Book Website Graphics,Physics Diagrams,physics-diagrams,Refraction diagram,refraction-diagram,diagram,768,448,"physics education illustration, refraction diagram, galaxy, stars, electromagnetic spectrum, wavelength, frequency, photon energy, clean composition, scientific grid, spectral color accents, no labels, no text, high quality, best quality","lowres, bad anatomy, bad hands, text, error, missing fingers, extra digit, fewer digits, cropped, worst quality, low quality, blurry, pixelated, watermark, signature, letters, words, UI screenshot, clutter, neon glare, incorrect labels, wrong equations, random numbers, unreadable axes, overcrowded labels","For factual diagrams, add labels, arrows, equations, and scale values manually.",generated/physics_book/physics-diagrams,refraction-diagram
physics_book,Physics Book Website Graphics,Physics Diagrams,physics-diagrams,Absorption diagram,absorption-diagram,diagram,768,448,"physics education illustration, absorption diagram, galaxy, stars, electromagnetic spectrum, wavelength, frequency, photon energy, clean composition, scientific grid, spectral color accents, no labels, no text, high quality, best quality","lowres, bad anatomy, bad hands, text, error, missing fingers, extra digit, fewer digits, cropped, worst quality, low quality, blurry, pixelated, watermark, signature, letters, words, UI screenshot, clutter, neon glare, incorrect labels, wrong equations, random numbers, unreadable axes, overcrowded labels","For factual diagrams, add labels, arrows, equations, and scale values manually.",generated/physics_book/physics-diagrams,absorption-diagram
physics_book,Physics Book Website Graphics,Physics Diagrams,physics-diagrams,Emission-spectrum diagram,emission-spectrum-diagram,diagram,768,448,"physics education illustration, emission spectrum diagram, galaxy, stars, electromagnetic spectrum, wavelength, frequency, photon energy, clean composition, scientific grid, spectral color accents, no labels, no text, high quality, best quality","lowres, bad anatomy, bad hands, text, error, missing fingers, extra digit, fewer digits, cropped, worst quality, low quality, blurry, pixelated, watermark, signature, letters, words, UI screenshot, clutter, neon glare, incorrect labels, wrong equations, random numbers, unreadable axes, overcrowded labels","For factual diagrams, add labels, arrows, equations, and scale values manually.",generated/physics_book/physics-diagrams,emission-spectrum-diagram
physics_book,Physics Book Website Graphics,Physics Diagrams,physics-diagrams,Absorption-spectrum diagram,absorption-spectrum-diagram,diagram,768,448,"physics education illustration, absorption spectrum diagram, galaxy, stars, electromagnetic spectrum, wavelength, frequency, photon energy, clean composition, scientific grid, spectral color accents, no labels, no text, high quality, best quality","lowres, bad anatomy, bad hands, text, error, missing fingers, extra digit, fewer digits, cropped, worst quality, low quality, blurry, pixelated, watermark, signature, letters, words, UI screenshot, clutter, neon glare, incorrect labels, wrong equations, random numbers, unreadable axes, overcrowded labels","For factual diagrams, add labels, arrows, equations, and scale values manually.",generated/physics_book/physics-diagrams,absorption-spectrum-diagram
physics_book,Physics Book Website Graphics,Physics Diagrams,physics-diagrams,Atomic energy-level diagram,atomic-energy-level-diagram,diagram,768,448,"physics education illustration, atomic energy level diagram, galaxy, stars, electromagnetic spectrum, wavelength, frequency, photon energy, clean composition, scientific grid, spectral color accents, no labels, no text, high quality, best quality","lowres, bad anatomy, bad hands, text, error, missing fingers, extra digit, fewer digits, cropped, worst quality, low quality, blurry, pixelated, watermark, signature, letters, words, UI screenshot, clutter, neon glare, incorrect labels, wrong equations, random numbers, unreadable axes, overcrowded labels","For factual diagrams, add labels, arrows, equations, and scale values manually.",generated/physics_book/physics-diagrams,atomic-energy-level-diagram
physics_book,Physics Book Website Graphics,Physics Diagrams,physics-diagrams,Electron-transition diagram,electron-transition-diagram,diagram,768,448,"physics education illustration, electron transition diagram, galaxy, stars, electromagnetic spectrum, wavelength, frequency, photon energy, clean composition, scientific grid, spectral color accents, no labels, no text, high quality, best quality","lowres, bad anatomy, bad hands, text, error, missing fingers, extra digit, fewer digits, cropped, worst quality, low quality, blurry, pixelated, watermark, signature, letters, words, UI screenshot, clutter, neon glare, incorrect labels, wrong equations, random numbers, unreadable axes, overcrowded labels","For factual diagrams, add labels, arrows, equations, and scale values manually.",generated/physics_book/physics-diagrams,electron-transition-diagram
physics_book,Physics Book Website Graphics,Physics Diagrams,physics-diagrams,Photon-emission diagram,photon-emission-diagram,diagram,768,448,"physics education illustration, photon emission diagram, galaxy, stars, electromagnetic spectrum, wavelength, frequency, photon energy, clean composition, scientific grid, spectral color accents, no labels, no text, high quality, best quality","lowres, bad anatomy, bad hands, text, error, missing fingers, extra digit, fewer digits, cropped, worst quality, low quality, blurry, pixelated, watermark, signature, letters, words, UI screenshot, clutter, neon glare, incorrect labels, wrong equations, random numbers, unreadable axes, overcrowded labels","For factual diagrams, add labels, arrows, equations, and scale values manually.",generated/physics_book/physics-diagrams,photon-emission-diagram
physics_book,Physics Book Website Graphics,Physics Diagrams,physics-diagrams,Inverse-square-law diagram,inverse-square-law-diagram,diagram,768,448,"physics education illustration, inverse square law diagram, galaxy, stars, electromagnetic spectrum, wavelength, frequency, photon energy, clean composition, scientific grid, spectral color accents, no labels, no text, high quality, best quality","lowres, bad anatomy, bad hands, text, error, missing fingers, extra digit, fewer digits, cropped, worst quality, low quality, blurry, pixelated, watermark, signature, letters, words, UI screenshot, clutter, neon glare, incorrect labels, wrong equations, random numbers, unreadable axes, overcrowded labels","For factual diagrams, add labels, arrows, equations, and scale values manually.",generated/physics_book/physics-diagrams,inverse-square-law-diagram
physics_book,Physics Book Website Graphics,Physics Diagrams,physics-diagrams,Light-cone graphic,light-cone-graphic,diagram,768,448,"physics education illustration, light cone graphic, galaxy, stars, electromagnetic spectrum, wavelength, frequency, photon energy, clean composition, scientific grid, spectral color accents, no labels, no text, high quality, best quality","lowres, bad anatomy, bad hands, text, error, missing fingers, extra digit, fewer digits, cropped, worst quality, low quality, blurry, pixelated, watermark, signature, letters, words, UI screenshot, clutter, neon glare, incorrect labels, wrong equations, random numbers, unreadable axes, overcrowded labels","For factual diagrams, add labels, arrows, equations, and scale values manually.",generated/physics_book/physics-diagrams,light-cone-graphic
physics_book,Physics Book Website Graphics,Physics Diagrams,physics-diagrams,Spacetime-grid graphic,spacetime-grid-graphic,diagram,768,448,"physics education illustration, spacetime grid graphic, galaxy, stars, electromagnetic spectrum, wavelength, frequency, photon energy, clean composition, scientific grid, spectral color accents, no labels, no text, high quality, best quality","lowres, bad anatomy, bad hands, text, error, missing fingers, extra digit, fewer digits, cropped, worst quality, low quality, blurry, pixelated, watermark, signature, letters, words, UI screenshot, clutter, neon glare, incorrect labels, wrong equations, random numbers, unreadable axes, overcrowded labels","For factual diagrams, add labels, arrows, equations, and scale values manually.",generated/physics_book/physics-diagrams,spacetime-grid-graphic
physics_book,Physics Book Website Graphics,Physics Diagrams,physics-diagrams,Formula-card background or frame,formula-card-background-or-frame,background,768,512,"galaxy background, formula card background or frame, physics education, deep space, restrained stars, constellation lines, spectral accents, high contrast, no text, high quality, best quality","lowres, bad anatomy, bad hands, text, error, missing fingers, extra digit, fewer digits, cropped, worst quality, low quality, blurry, pixelated, watermark, signature, letters, words, UI screenshot, clutter, neon glare, incorrect labels, wrong equations, random numbers, unreadable axes, overcrowded labels",,generated/physics_book/physics-diagrams,formula-card-background-or-frame
physics_book,Physics Book Website Graphics,Interface Graphics,interface-graphics,Formula icon,formula-icon,icon,384,384,"physics education UI mark, formula icon, scientific line art, star accent, spectrum accent, dark navy, luminous colors, centered, vector, simple silhouette, no text, high quality, best quality","lowres, bad anatomy, bad hands, text, error, missing fingers, extra digit, fewer digits, cropped, worst quality, low quality, blurry, pixelated, watermark, signature, letters, words, UI screenshot, clutter, neon glare, incorrect labels, wrong equations, random numbers, unreadable axes, overcrowded labels, photorealistic scene, complex background, tiny details",,generated/physics_book/interface-graphics,formula-icon
physics_book,Physics Book Website Graphics,Interface Graphics,interface-graphics,Definition icon,definition-icon,icon,384,384,"physics education UI mark, definition icon, scientific line art, star accent, spectrum accent, dark navy, luminous colors, centered, vector, simple silhouette, no text, high quality, best quality","lowres, bad anatomy, bad hands, text, error, missing fingers, extra digit, fewer digits, cropped, worst quality, low quality, blurry, pixelated, watermark, signature, letters, words, UI screenshot, clutter, neon glare, incorrect labels, wrong equations, random numbers, unreadable axes, overcrowded labels, photorealistic scene, complex background, tiny details",,generated/physics_book/interface-graphics,definition-icon
physics_book,Physics Book Website Graphics,Interface Graphics,interface-graphics,Important-note icon,important-note-icon,icon,384,384,"physics education UI mark, important note icon, scientific line art, star accent, spectrum accent, dark navy, luminous colors, centered, vector, simple silhouette, no text, high quality, best quality","lowres, bad anatomy, bad hands, text, error, missing fingers, extra digit, fewer digits, cropped, worst quality, low quality, blurry, pixelated, watermark, signature, letters, words, UI screenshot, clutter, neon glare, incorrect labels, wrong equations, random numbers, unreadable axes, overcrowded labels, photorealistic scene, complex background, tiny details",,generated/physics_book/interface-graphics,important-note-icon
physics_book,Physics Book Website Graphics,Interface Graphics,interface-graphics,Warning icon,warning-icon,icon,384,384,"physics education UI mark, warning icon, scientific line art, star accent, spectrum accent, dark navy, luminous colors, centered, vector, simple silhouette, no text, high quality, best quality","lowres, bad anatomy, bad hands, text, error, missing fingers, extra digit, fewer digits, cropped, worst quality, low quality, blurry, pixelated, watermark, signature, letters, words, UI screenshot, clutter, neon glare, incorrect labels, wrong equations, random numbers, unreadable axes, overcrowded labels, photorealistic scene, complex background, tiny details",,generated/physics_book/interface-graphics,warning-icon
physics_book,Physics Book Website Graphics,Interface Graphics,interface-graphics,Example icon,example-icon,icon,384,384,"physics education UI mark, example icon, scientific line art, star accent, spectrum accent, dark navy, luminous colors, centered, vector, simple silhouette, no text, high quality, best quality","lowres, bad anatomy, bad hands, text, error, missing fingers, extra digit, fewer digits, cropped, worst quality, low quality, blurry, pixelated, watermark, signature, letters, words, UI screenshot, clutter, neon glare, incorrect labels, wrong equations, random numbers, unreadable axes, overcrowded labels, photorealistic scene, complex background, tiny details",,generated/physics_book/interface-graphics,example-icon
physics_book,Physics Book Website Graphics,Interface Graphics,interface-graphics,Experiment icon,experiment-icon,icon,384,384,"physics education UI mark, experiment icon, scientific line art, star accent, spectrum accent, dark navy, luminous colors, centered, vector, simple silhouette, no text, high quality, best quality","lowres, bad anatomy, bad hands, text, error, missing fingers, extra digit, fewer digits, cropped, worst quality, low quality, blurry, pixelated, watermark, signature, letters, words, UI screenshot, clutter, neon glare, incorrect labels, wrong equations, random numbers, unreadable axes, overcrowded labels, photorealistic scene, complex background, tiny details",,generated/physics_book/interface-graphics,experiment-icon
physics_book,Physics Book Website Graphics,Interface Graphics,interface-graphics,Question icon,question-icon,icon,384,384,"physics education UI mark, question icon, scientific line art, star accent, spectrum accent, dark navy, luminous colors, centered, vector, simple silhouette, no text, high quality, best quality","lowres, bad anatomy, bad hands, text, error, missing fingers, extra digit, fewer digits, cropped, worst quality, low quality, blurry, pixelated, watermark, signature, letters, words, UI screenshot, clutter, neon glare, incorrect labels, wrong equations, random numbers, unreadable axes, overcrowded labels, photorealistic scene, complex background, tiny details",,generated/physics_book/interface-graphics,question-icon
physics_book,Physics Book Website Graphics,Interface Graphics,interface-graphics,Answer icon,answer-icon,icon,384,384,"physics education UI mark, answer icon, scientific line art, star accent, spectrum accent, dark navy, luminous colors, centered, vector, simple silhouette, no text, high quality, best quality","lowres, bad anatomy, bad hands, text, error, missing fingers, extra digit, fewer digits, cropped, worst quality, low quality, blurry, pixelated, watermark, signature, letters, words, UI screenshot, clutter, neon glare, incorrect labels, wrong equations, random numbers, unreadable axes, overcrowded labels, photorealistic scene, complex background, tiny details",,generated/physics_book/interface-graphics,answer-icon
physics_book,Physics Book Website Graphics,Interface Graphics,interface-graphics,Unit-converter icon,unit-converter-icon,icon,384,384,"physics education UI mark, unit converter icon, scientific line art, star accent, spectrum accent, dark navy, luminous colors, centered, vector, simple silhouette, no text, high quality, best quality","lowres, bad anatomy, bad hands, text, error, missing fingers, extra digit, fewer digits, cropped, worst quality, low quality, blurry, pixelated, watermark, signature, letters, words, UI screenshot, clutter, neon glare, incorrect labels, wrong equations, random numbers, unreadable axes, overcrowded labels, photorealistic scene, complex background, tiny details",,generated/physics_book/interface-graphics,unit-converter-icon
physics_book,Physics Book Website Graphics,Interface Graphics,interface-graphics,Spectrum-explorer icon,spectrum-explorer-icon,icon,384,384,"physics education UI mark, spectrum explorer icon, scientific line art, star accent, spectrum accent, dark navy, luminous colors, centered, vector, simple silhouette, no text, high quality, best quality","lowres, bad anatomy, bad hands, text, error, missing fingers, extra digit, fewer digits, cropped, worst quality, low quality, blurry, pixelated, watermark, signature, letters, words, UI screenshot, clutter, neon glare, incorrect labels, wrong equations, random numbers, unreadable axes, overcrowded labels, photorealistic scene, complex background, tiny details",,generated/physics_book/interface-graphics,spectrum-explorer-icon
physics_book,Physics Book Website Graphics,Interface Graphics,interface-graphics,Glossary icon,glossary-icon,icon,384,384,"physics education UI mark, glossary icon, scientific line art, star accent, spectrum accent, dark navy, luminous colors, centered, vector, simple silhouette, no text, high quality, best quality","lowres, bad anatomy, bad hands, text, error, missing fingers, extra digit, fewer digits, cropped, worst quality, low quality, blurry, pixelated, watermark, signature, letters, words, UI screenshot, clutter, neon glare, incorrect labels, wrong equations, random numbers, unreadable axes, overcrowded labels, photorealistic scene, complex background, tiny details",,generated/physics_book/interface-graphics,glossary-icon
physics_book,Physics Book Website Graphics,Interface Graphics,interface-graphics,Bookmark icon,bookmark-icon,icon,384,384,"physics education UI mark, bookmark icon, scientific line art, star accent, spectrum accent, dark navy, luminous colors, centered, vector, simple silhouette, no text, high quality, best quality","lowres, bad anatomy, bad hands, text, error, missing fingers, extra digit, fewer digits, cropped, worst quality, low quality, blurry, pixelated, watermark, signature, letters, words, UI screenshot, clutter, neon glare, incorrect labels, wrong equations, random numbers, unreadable axes, overcrowded labels, photorealistic scene, complex background, tiny details",,generated/physics_book/interface-graphics,bookmark-icon
physics_book,Physics Book Website Graphics,Interface Graphics,interface-graphics,Chapter-progress marker,chapter-progress-marker,badge,384,384,"physics education UI mark, chapter progress marker, scientific line art, star accent, spectrum accent, dark navy, luminous colors, centered, vector, simple silhouette, no text, high quality, best quality","lowres, bad anatomy, bad hands, text, error, missing fingers, extra digit, fewer digits, cropped, worst quality, low quality, blurry, pixelated, watermark, signature, letters, words, UI screenshot, clutter, neon glare, incorrect labels, wrong equations, random numbers, unreadable axes, overcrowded labels, photorealistic scene, complex background, tiny details",,generated/physics_book/interface-graphics,chapter-progress-marker
physics_book,Physics Book Website Graphics,Interface Graphics,interface-graphics,Completed-chapter star badge,completed-chapter-star-badge,badge,384,384,"physics education UI mark, completed chapter star badge, scientific line art, star accent, spectrum accent, dark navy, luminous colors, centered, vector, simple silhouette, no text, high quality, best quality","lowres, bad anatomy, bad hands, text, error, missing fingers, extra digit, fewer digits, cropped, worst quality, low quality, blurry, pixelated, watermark, signature, letters, words, UI screenshot, clutter, neon glare, incorrect labels, wrong equations, random numbers, unreadable axes, overcrowded labels, photorealistic scene, complex background, tiny details",,generated/physics_book/interface-graphics,completed-chapter-star-badge
physics_book,Physics Book Website Graphics,Interface Graphics,interface-graphics,Scientific section-divider graphics,scientific-section-divider-graphics,divider,768,320,"physics education illustration, scientific section divider graphics, galaxy, stars, electromagnetic spectrum, wavelength, frequency, photon energy, clean composition, scientific grid, spectral color accents, no labels, no text, high quality, best quality","lowres, bad anatomy, bad hands, text, error, missing fingers, extra digit, fewer digits, cropped, worst quality, low quality, blurry, pixelated, watermark, signature, letters, words, UI screenshot, clutter, neon glare, incorrect labels, wrong equations, random numbers, unreadable axes, overcrowded labels","For factual diagrams, add labels, arrows, equations, and scale values manually.",generated/physics_book/interface-graphics,scientific-section-divider-graphics
shared,Shared Graphics for Both Websites,Shared Graphics,shared-graphics,Home-page hero graphic,home-page-hero-graphic,hero,768,512,"educational book website graphic, home page hero graphic, modern publishing style, readable composition, empty space for title, academic visual language, no text, high quality, best quality","lowres, bad anatomy, bad hands, text, error, missing fingers, extra digit, fewer digits, cropped, worst quality, low quality, blurry, pixelated, watermark, signature, letters, words, UI screenshot, clutter, neon glare",,generated/shared/shared-graphics,home-page-hero-graphic
shared,Shared Graphics for Both Websites,Shared Graphics,shared-graphics,Author portrait or author placeholder,author-portrait-or-author-placeholder,portrait,512,512,"educational website asset, author portrait or author placeholder, clean modern publishing style, reusable, no text, high quality, best quality","lowres, bad anatomy, bad hands, text, error, missing fingers, extra digit, fewer digits, cropped, worst quality, low quality, blurry, pixelated, watermark, signature, letters, words, UI screenshot, clutter, neon glare",,generated/shared/shared-graphics,author-portrait-or-author-placeholder
shared,Shared Graphics for Both Websites,Shared Graphics,shared-graphics,Book-cover image,book-cover-image,book_cover,512,768,"educational book website graphic, book cover image, modern publishing style, readable composition, empty space for title, academic visual language, no text, high quality, best quality","lowres, bad anatomy, bad hands, text, error, missing fingers, extra digit, fewer digits, cropped, worst quality, low quality, blurry, pixelated, watermark, signature, letters, words, UI screenshot, clutter, neon glare",,generated/shared/shared-graphics,book-cover-image
shared,Shared Graphics for Both Websites,Shared Graphics,shared-graphics,Chapter thumbnail template,chapter-thumbnail-template,illustration,512,512,"educational website asset, chapter thumbnail template, clean modern publishing style, reusable, no text, high quality, best quality","lowres, bad anatomy, bad hands, text, error, missing fingers, extra digit, fewer digits, cropped, worst quality, low quality, blurry, pixelated, watermark, signature, letters, words, UI screenshot, clutter, neon glare",,generated/shared/shared-graphics,chapter-thumbnail-template
shared,Shared Graphics for Both Websites,Shared Graphics,shared-graphics,Topic-category icons,topic-category-icons,icon,384,384,"educational website UI icon, topic category icons, simple vector shape, neutral modern style, centered, transparent background, no text, high quality, best quality","lowres, bad anatomy, bad hands, text, error, missing fingers, extra digit, fewer digits, cropped, worst quality, low quality, blurry, pixelated, watermark, signature, letters, words, UI screenshot, clutter, neon glare, photorealistic scene, complex background, tiny details",,generated/shared/shared-graphics,topic-category-icons
shared,Shared Graphics for Both Websites,Shared Graphics,shared-graphics,Resource-page icons,resource-page-icons,icon,384,384,"educational website UI icon, resource page icons, simple vector shape, neutral modern style, centered, transparent background, no text, high quality, best quality","lowres, bad anatomy, bad hands, text, error, missing fingers, extra digit, fewer digits, cropped, worst quality, low quality, blurry, pixelated, watermark, signature, letters, words, UI screenshot, clutter, neon glare, photorealistic scene, complex background, tiny details",,generated/shared/shared-graphics,resource-page-icons
shared,Shared Graphics for Both Websites,Shared Graphics,shared-graphics,References-page icon,references-page-icon,icon,384,384,"educational website UI icon, references page icon, simple vector shape, neutral modern style, centered, transparent background, no text, high quality, best quality","lowres, bad anatomy, bad hands, text, error, missing fingers, extra digit, fewer digits, cropped, worst quality, low quality, blurry, pixelated, watermark, signature, letters, words, UI screenshot, clutter, neon glare, photorealistic scene, complex background, tiny details",,generated/shared/shared-graphics,references-page-icon
shared,Shared Graphics for Both Websites,Shared Graphics,shared-graphics,Search icon,search-icon,icon,384,384,"educational website UI icon, search icon, simple vector shape, neutral modern style, centered, transparent background, no text, high quality, best quality","lowres, bad anatomy, bad hands, text, error, missing fingers, extra digit, fewer digits, cropped, worst quality, low quality, blurry, pixelated, watermark, signature, letters, words, UI screenshot, clutter, neon glare, photorealistic scene, complex background, tiny details",,generated/shared/shared-graphics,search-icon
shared,Shared Graphics for Both Websites,Shared Graphics,shared-graphics,Menu icon,menu-icon,icon,384,384,"educational website UI icon, menu icon, simple vector shape, neutral modern style, centered, transparent background, no text, high quality, best quality","lowres, bad anatomy, bad hands, text, error, missing fingers, extra digit, fewer digits, cropped, worst quality, low quality, blurry, pixelated, watermark, signature, letters, words, UI screenshot, clutter, neon glare, photorealistic scene, complex background, tiny details",,generated/shared/shared-graphics,menu-icon
shared,Shared Graphics for Both Websites,Shared Graphics,shared-graphics,Previous-chapter arrow,previous-chapter-arrow,icon,384,384,"educational website UI icon, previous chapter arrow, simple vector shape, neutral modern style, centered, transparent background, no text, high quality, best quality","lowres, bad anatomy, bad hands, text, error, missing fingers, extra digit, fewer digits, cropped, worst quality, low quality, blurry, pixelated, watermark, signature, letters, words, UI screenshot, clutter, neon glare, photorealistic scene, complex background, tiny details",,generated/shared/shared-graphics,previous-chapter-arrow
shared,Shared Graphics for Both Websites,Shared Graphics,shared-graphics,Next-chapter arrow,next-chapter-arrow,icon,384,384,"educational website UI icon, next chapter arrow, simple vector shape, neutral modern style, centered, transparent background, no text, high quality, best quality","lowres, bad anatomy, bad hands, text, error, missing fingers, extra digit, fewer digits, cropped, worst quality, low quality, blurry, pixelated, watermark, signature, letters, words, UI screenshot, clutter, neon glare, photorealistic scene, complex background, tiny details",,generated/shared/shared-graphics,next-chapter-arrow
shared,Shared Graphics for Both Websites,Shared Graphics,shared-graphics,Table-of-contents icon,table-of-contents-icon,icon,384,384,"educational website UI icon, table of contents icon, simple vector shape, neutral modern style, centered, transparent background, no text, high quality, best quality","lowres, bad anatomy, bad hands, text, error, missing fingers, extra digit, fewer digits, cropped, worst quality, low quality, blurry, pixelated, watermark, signature, letters, words, UI screenshot, clutter, neon glare, photorealistic scene, complex background, tiny details",,generated/shared/shared-graphics,table-of-contents-icon
shared,Shared Graphics for Both Websites,Shared Graphics,shared-graphics,Print icon,print-icon,icon,384,384,"educational website UI icon, print icon, simple vector shape, neutral modern style, centered, transparent background, no text, high quality, best quality","lowres, bad anatomy, bad hands, text, error, missing fingers, extra digit, fewer digits, cropped, worst quality, low quality, blurry, pixelated, watermark, signature, letters, words, UI screenshot, clutter, neon glare, photorealistic scene, complex background, tiny details",,generated/shared/shared-graphics,print-icon
shared,Shared Graphics for Both Websites,Shared Graphics,shared-graphics,Copy-link icon,copy-link-icon,icon,384,384,"educational website UI icon, copy link icon, simple vector shape, neutral modern style, centered, transparent background, no text, high quality, best quality","lowres, bad anatomy, bad hands, text, error, missing fingers, extra digit, fewer digits, cropped, worst quality, low quality, blurry, pixelated, watermark, signature, letters, words, UI screenshot, clutter, neon glare, photorealistic scene, complex background, tiny details",,generated/shared/shared-graphics,copy-link-icon
shared,Shared Graphics for Both Websites,Shared Graphics,shared-graphics,Font-size icon,font-size-icon,icon,384,384,"educational website UI icon, font size icon, simple vector shape, neutral modern style, centered, transparent background, no text, high quality, best quality","lowres, bad anatomy, bad hands, text, error, missing fingers, extra digit, fewer digits, cropped, worst quality, low quality, blurry, pixelated, watermark, signature, letters, words, UI screenshot, clutter, neon glare, photorealistic scene, complex background, tiny details",,generated/shared/shared-graphics,font-size-icon
shared,Shared Graphics for Both Websites,Shared Graphics,shared-graphics,Reading-width icon,reading-width-icon,icon,384,384,"educational website UI icon, reading width icon, simple vector shape, neutral modern style, centered, transparent background, no text, high quality, best quality","lowres, bad anatomy, bad hands, text, error, missing fingers, extra digit, fewer digits, cropped, worst quality, low quality, blurry, pixelated, watermark, signature, letters, words, UI screenshot, clutter, neon glare, photorealistic scene, complex background, tiny details",,generated/shared/shared-graphics,reading-width-icon
shared,Shared Graphics for Both Websites,Shared Graphics,shared-graphics,Light-mode icon,light-mode-icon,icon,384,384,"educational website UI icon, light mode icon, simple vector shape, neutral modern style, centered, transparent background, no text, high quality, best quality","lowres, bad anatomy, bad hands, text, error, missing fingers, extra digit, fewer digits, cropped, worst quality, low quality, blurry, pixelated, watermark, signature, letters, words, UI screenshot, clutter, neon glare, photorealistic scene, complex background, tiny details",,generated/shared/shared-graphics,light-mode-icon
shared,Shared Graphics for Both Websites,Shared Graphics,shared-graphics,Dark-mode icon,dark-mode-icon,icon,384,384,"educational website UI icon, dark mode icon, simple vector shape, neutral modern style, centered, transparent background, no text, high quality, best quality","lowres, bad anatomy, bad hands, text, error, missing fingers, extra digit, fewer digits, cropped, worst quality, low quality, blurry, pixelated, watermark, signature, letters, words, UI screenshot, clutter, neon glare, photorealistic scene, complex background, tiny details",,generated/shared/shared-graphics,dark-mode-icon
shared,Shared Graphics for Both Websites,Shared Graphics,shared-graphics,Reduced-motion icon,reduced-motion-icon,icon,384,384,"educational website UI icon, reduced motion icon, simple vector shape, neutral modern style, centered, transparent background, no text, high quality, best quality","lowres, bad anatomy, bad hands, text, error, missing fingers, extra digit, fewer digits, cropped, worst quality, low quality, blurry, pixelated, watermark, signature, letters, words, UI screenshot, clutter, neon glare, photorealistic scene, complex background, tiny details",,generated/shared/shared-graphics,reduced-motion-icon
shared,Shared Graphics for Both Websites,Shared Graphics,shared-graphics,Hide-decoration icon,hide-decoration-icon,icon,384,384,"educational website UI icon, hide decoration icon, simple vector shape, neutral modern style, centered, transparent background, no text, high quality, best quality","lowres, bad anatomy, bad hands, text, error, missing fingers, extra digit, fewer digits, cropped, worst quality, low quality, blurry, pixelated, watermark, signature, letters, words, UI screenshot, clutter, neon glare, photorealistic scene, complex background, tiny details",,generated/shared/shared-graphics,hide-decoration-icon
shared,Shared Graphics for Both Websites,Shared Graphics,shared-graphics,Generic image placeholder,generic-image-placeholder,placeholder,512,512,"educational website support graphic, generic image placeholder, clean, neutral, pickle book and physics book, simple shapes, no text, high quality, best quality","lowres, bad anatomy, bad hands, text, error, missing fingers, extra digit, fewer digits, cropped, worst quality, low quality, blurry, pixelated, watermark, signature, letters, words, UI screenshot, clutter, neon glare",,generated/shared/shared-graphics,generic-image-placeholder
shared,Shared Graphics for Both Websites,Shared Graphics,shared-graphics,Missing-image placeholder,missing-image-placeholder,placeholder,512,512,"educational website support graphic, missing image placeholder, clean, neutral, pickle book and physics book, simple shapes, no text, high quality, best quality","lowres, bad anatomy, bad hands, text, error, missing fingers, extra digit, fewer digits, cropped, worst quality, low quality, blurry, pixelated, watermark, signature, letters, words, UI screenshot, clutter, neon glare",,generated/shared/shared-graphics,missing-image-placeholder
shared,Shared Graphics for Both Websites,Shared Graphics,shared-graphics,Loading graphic,loading-graphic,illustration,512,512,"educational website asset, loading graphic, clean modern publishing style, reusable, no text, high quality, best quality","lowres, bad anatomy, bad hands, text, error, missing fingers, extra digit, fewer digits, cropped, worst quality, low quality, blurry, pixelated, watermark, signature, letters, words, UI screenshot, clutter, neon glare",,generated/shared/shared-graphics,loading-graphic
shared,Shared Graphics for Both Websites,Shared Graphics,shared-graphics,404-page graphic,four-oh-four-page-graphic,illustration,512,512,"educational website asset, 404 page graphic, clean modern publishing style, reusable, no text, high quality, best quality","lowres, bad anatomy, bad hands, text, error, missing fingers, extra digit, fewer digits, cropped, worst quality, low quality, blurry, pixelated, watermark, signature, letters, words, UI screenshot, clutter, neon glare",,generated/shared/shared-graphics,four-oh-four-page-graphic
shared,Shared Graphics for Both Websites,Shared Graphics,shared-graphics,Open Graph image template,open-graph-image-template,social_card,640,336,"educational book website graphic, open graph image template, modern publishing style, readable composition, empty space for title, academic visual language, no text, high quality, best quality","lowres, bad anatomy, bad hands, text, error, missing fingers, extra digit, fewer digits, cropped, worst quality, low quality, blurry, pixelated, watermark, signature, letters, words, UI screenshot, clutter, neon glare",,generated/shared/shared-graphics,open-graph-image-template
shared,Shared Graphics for Both Websites,Shared Graphics,shared-graphics,Social-media sharing templates,social-media-sharing-templates,social_card,640,336,"educational book website graphic, social media sharing templates, modern publishing style, readable composition, empty space for title, academic visual language, no text, high quality, best quality","lowres, bad anatomy, bad hands, text, error, missing fingers, extra digit, fewer digits, cropped, worst quality, low quality, blurry, pixelated, watermark, signature, letters, words, UI screenshot, clutter, neon glare",,generated/shared/shared-graphics,social-media-sharing-templates
shared,Shared Graphics for Both Websites,Shared Graphics,shared-graphics,Printable header and footer marks,printable-header-and-footer-marks,illustration,512,512,"educational website asset, printable header and footer marks, clean modern publishing style, reusable, no text, high quality, best quality","lowres, bad anatomy, bad hands, text, error, missing fingers, extra digit, fewer digits, cropped, worst quality, low quality, blurry, pixelated, watermark, signature, letters, words, UI screenshot, clutter, neon glare",,generated/shared/shared-graphics,printable-header-and-footer-marks
